employee_id,first_name,last_name,ssn,email,department_id,hire_date,salary,is_active
1,Harry,Mason,757-41-5089,codythompson@example.net,1,2026-02-04,67450,True
2,Carrie,Cortez,543-28-3579,joan05@example.com,1,2024-08-19,57926,True
3,Leah,Johnson,641-54-9311,debbie71@example.net,3,2024-08-10,69715,True
4,Steven,Tyler,658-03-5889,gibsonwilliam@example.com,2,2023-06-26,82845,True
5,Henry,Clark,730-07-8681,teresashepard@example.net,2,2022-11-15,56487,True
6,James,Simmons,819-94-4546,coffeyrodney@example.org,2,2025-05-05,56487,True
7,Julie,Collins,383-65-2234,haynesphillip@example.net,1,2021-09-07,83688,True
8,Dominique,Campbell,325-96-8578,denise39@example.com,5,2022-11-06,71511,True
9,Amber,Peterson,889-66-0195,tiffany23@example.net,1,2022-04-05,52957,True
10,Jennifer,Levy,578-24-6558,mary23@example.org,5,2022-01-31,68138,True
11,Patricia,Rogers,,rebecca69@example.net,4,2021-07-04,53048,True
12,Hector,Campbell,630-93-0581,markwilliams@example.com,1,2023-06-08,53014,True
13,Teresa,Franklin,005-25-5552,carmen91@example.com,1,2022-11-23,63629,True
14,Lindsay,Dickerson,376-02-2237,dianalong@example.com,1,2023-08-28,31300,True
15,Marie,Owens,667-19-6736,prattdavid@example.net,2,2024-09-14,34126,True
16,Tyler,Robinson,821-01-1420,josephstokes@example.net,2,2023-01-14,51565,True
17,Kelsey,Jordan,216-04-0591,deanjohn@example.net,5,2021-05-01,44807,True
18,Allen,Gutierrez,040-74-9994,julierodriguez@example.org,5,2022-01-25,64713,True
19,Patricia,Charles,501-36-9334,fowlerandrew@example.org,1,2022-04-30,46379,True
20,Joy,Murphy,876-76-5840,wendydominguez@example.net,5,2026-01-12,38815,True
21,Randy,Gutierrez,201-66-5202,rreid@example.com,2,2021-09-03,81984,True
22,Douglas,Harmon,403-32-5719,wendy86@example.org,5,2025-09-24,56613,True
23,Tracey,Rasmussen,176-13-6825,randallallison@example.net,4,2026-02-26,61012,True
24,Jack,Stevens,218-08-2237,lauracook@example.net,2,2025-08-11,38628,True
25,Donna,Bailey,135-82-5233,mackallen@example.org,4,2023-05-04,51834,True
26,Michael,Raymond,245-72-8689,denise29@example.net,5,2026-02-13,61663,True
27,Robert,Anderson,750-44-3192,betty69@example.org,3,2025-05-18,42735,True
28,Shane,Stout,695-65-0906,hornaaron@example.net,1,2025-12-22,65635,True
29,Jessica,Jones,068-51-4765,rwells@example.com,2,2023-08-01,50990,True
30,Kenneth,Hatfield,560-28-6340,kiaralove@example.org,4,2024-09-22,55624,True
31,Andrew,Murphy,532-54-0661,brittney67@example.com,3,2021-11-16,50974,True
32,Tonya,Gray,896-76-2756,timothy57@example.net,3,2022-07-17,87784,True
33,Christina,Nielsen,706-59-6315,ilawson@example.com,2,2024-02-19,59797,True
34,Christina,Bishop,091-88-5038,ybarton@example.com,2,2025-02-27,44134,True
35,Michelle,Wolf,850-11-7574,holmesmichael@example.org,3,2025-06-13,72338,True
36,Stephanie,Moore,495-15-3454,angela88@example.net,1,2021-05-19,41687,True
37,Sandra,Ramirez,168-75-7982,emmatravis@example.org,1,2023-03-28,63132,True
38,Joseph,Joseph,592-93-6886,sarahwilliams@example.org,4,2022-01-15,30604,True
39,Meagan,Hall,855-10-2988,grayjodi@example.com,1,2025-11-23,40077,True
40,Stephen,Miller,061-27-7803,hnelson@example.net,3,2023-05-11,62952,True
41,Cory,Evans,862-82-2947,tammy42@example.net,3,2024-02-03,71076,True
42,Katherine,Woods,525-93-8016,yolandamejia@example.org,5,2023-11-29,62570,True
43,Kaitlin,Anderson,862-86-7867,ibeck@example.org,3,2026-02-05,58265,True
44,Tyler,Sutton,574-20-2036,lisa40@example.org,1,2022-01-28,55483,True
45,Joe,Roberts,654-18-0157,rodriguezelizabeth@example.com,4,2024-02-14,37822,True
46,Kristin,Norman,260-51-2663,david48@example.com,5,2023-03-10,49202,True
47,Alexander,Smith,329-85-6156,ebony19@example.org,1,2023-12-15,53090,True
48,Frank,Clark,458-94-5258,smithsamantha@example.com,4,2023-01-15,75856,True
49,Sharon,Ryan,419-22-4472,kpark@example.net,1,2022-11-03,65154,True
50,Teresa,Barry,535-37-8257,adam75@example.org,5,2022-02-19,33554,True
51,Luke,Barnes,203-09-3977,bradleysamantha@example.com,3,2025-03-20,64861,True
52,Francis,Oconnor,708-09-3575,ann97@example.org,5,2024-10-28,54223,True
53,Arthur,Ramos,582-13-2935,kristopher31@example.net,3,2026-02-21,49846,True
54,Jennifer,Ford,084-45-0049,dhernandez@example.org,5,2025-12-19,69175,True
55,Jason,Vazquez,820-70-7650,ipham@example.net,2,2021-10-21,75464,True
56,Stephen,Bishop,052-41-3925,ifloyd@example.com,1,2022-11-02,73969,True
57,Grace,Ruiz,015-20-1631,tracey11@example.net,1,2024-01-07,47411,True
58,Ashley,Jensen,254-12-5552,jennifer62@example.com,2,2022-04-26,55361,True
59,Samantha,Cook,174-86-5120,edwardevans@example.net,3,2024-08-10,64968,True
60,Cindy,Rodriguez,059-94-0363,kristinhall@example.net,1,2024-02-09,74633,True
61,Patrick,Kent,756-62-9588,jenniferbaxter@example.org,2,2021-08-20,52812,True
62,Rebecca,Alexander,609-20-2172,matthew11@example.net,1,2024-12-07,57215,True
63,Nathan,Davis,001-88-0614,mary33@example.net,4,2023-12-27,43404,True
64,Sara,Thompson,411-84-0797,armstronglisa@example.org,3,2025-05-30,42056,True
65,Nancy,Knight,756-50-5894,mitchellanthony@example.org,4,2021-09-11,72187,True
66,Lindsay,Walker,142-64-2987,ilynn@example.net,3,2022-11-04,80343,True
67,Matthew,Bailey,377-27-7518,davisjessica@example.org,2,2026-01-02,58919,True
68,Patrick,Brown,384-90-4150,hendersongregg@example.net,3,2025-05-13,75052,True
69,Antonio,Barnes,806-43-5247,william66@example.org,3,2022-08-07,65424,True
70,Marissa,James,325-08-1324,glennashley@example.com,2,2025-09-08,50323,True
71,Alexandra,Miles,303-09-6893,varmstrong@example.org,3,2021-05-26,65420,True
72,Sean,Mitchell,147-79-9864,tracymills@example.org,1,2021-09-02,83070,True
73,Joseph,Wood,270-69-8647,kellygomez@example.com,5,2024-11-19,59462,True
74,Justin,Gentry,001-31-4523,ryan50@example.org,2,2024-06-20,83469,True
75,Rebecca,Craig,676-18-8322,stacylewis@example.net,5,2022-10-27,30000,True
76,Samantha,Baker,608-13-4121,jeremyrowe@example.net,2,2023-06-07,72328,True
77,Theodore,Thompson,533-52-8716,randy45@example.com,2,2021-05-30,61305,True
78,Christopher,Vincent,400-28-9076,rrush@example.net,4,2025-11-25,55514,True
79,Frank,Wilson,752-82-8286,grahamkyle@example.org,4,2021-12-23,61376,True
80,Dawn,Williams,705-88-0885,curtis92@example.net,3,2025-04-26,30186,True
81,Lindsay,Carpenter,033-94-2944,ymitchell@example.org,5,2022-10-16,56704,True
82,William,Watson,274-83-9873,jessicaduncan@example.org,2,2023-12-10,65356,True
83,Joseph,Pennington,510-94-1353,kevin21@example.org,3,2022-05-01,82168,True
84,Anna,Frey,341-23-4382,egarcia@example.net,1,2022-10-09,52225,True
85,Heather,Marks,580-38-7076,alison81@example.com,2,2025-03-19,47872,True
86,Amber,Snyder,221-35-5875,crystalgonzalez@example.com,1,2021-08-14,52473,True
87,David,Williamson,744-28-5007,jwilliams@example.org,3,2022-07-27,73731,True
88,Grace,Meyer,543-83-4118,hcook@example.org,4,2022-11-19,64931,True
89,Heather,Brown,428-86-9524,jeffreypowell@example.net,3,2023-01-30,52053,True
90,Misty,White,890-11-0043,amy83@example.org,1,2023-08-17,67699,True
91,Julie,Bell,375-29-2017,lisa97@example.net,2,2021-10-02,61456,True
92,Jeffrey,Lynch,580-29-6621,rachelgomez@example.net,5,2025-08-31,74529,True
93,Christina,Johnson,804-08-9915,bzavala@example.org,3,2022-10-18,49469,True
94,Daniel,Brown,062-19-3327,daniel28@example.org,2,2024-08-22,55085,True
95,Charles,Morton,704-77-9376,matthewruiz@example.com,4,2025-04-19,54118,True
96,Steve,Schmidt,420-91-7138,lori75@example.com,4,2023-12-21,38047,True
97,Diane,Brown,227-51-5047,michael73@example.com,4,2022-11-16,64441,True
98,Ryan,Mcguire,445-21-8142,dwilkinson@example.net,2,2025-07-31,63915,True
99,Nicholas,Santiago,302-10-1050,pburke@example.org,3,2023-07-14,60076,True
100,Michael,Jones,542-18-1548,jconner@example.com,2,2024-04-22,56481,True
101,Emily,Allen,572-57-1638,portercourtney@example.org,2,2023-02-05,38769,True
102,Sarah,Clayton,271-22-3015,jenna13@example.org,5,2021-06-11,53690,True
103,Eddie,Hutchinson,028-46-1603,katherineburch@example.net,5,2023-12-07,54859,True
104,Marc,Wallace,297-72-9460,dgeorge@example.com,3,2023-04-23,47965,True
105,Susan,Leon,260-53-2244,peterroberts@example.net,5,2023-01-09,57580,True
106,George,Long,515-08-4647,hfuller@example.com,4,2021-07-16,66060,True
107,Nicole,Mullins,646-42-6498,lvasquez@example.org,5,2021-12-26,88292,True
108,Kent,Ellis,162-54-1118,theresahaas@example.org,4,2023-02-24,62618,True
109,Diana,Drake,021-41-8619,houstoncaitlyn@example.com,3,2021-10-14,63863,True
110,Todd,Kennedy,893-91-9869,joneswendy@example.net,2,2021-08-28,58883,True
111,Elizabeth,Ross,610-39-8926,qwalker@example.org,2,2022-05-28,31218,True
112,James,Shepherd,251-58-8165,adamstyler@example.net,5,2023-02-10,59602,True
113,Colin,Smith,386-37-6803,melissa25@example.net,4,2023-03-10,60903,True
114,Gary,Lawson,384-47-9161,parsonsshannon@example.com,1,2021-10-13,96948,True
115,Jillian,Williams,422-97-8803,yhamilton@example.net,1,2024-05-15,57114,True
116,Kevin,Carter,062-02-1790,kristy14@example.net,1,2024-05-21,64523,True
117,Christopher,Carey,832-42-7188,cjackson@example.net,2,2024-09-28,59479,True
118,Robert,Moore,425-49-5809,igardner@example.com,2,2024-08-05,42469,True
119,Sarah,Davis,244-25-1457,judith33@example.org,4,2023-03-01,77142,True
120,Rebecca,Mckenzie,135-51-1986,bridgetmaynard@example.net,5,2021-08-09,71278,True
121,Mia,Brooks,691-36-2875,woodwardmichael@example.org,1,2025-02-16,71865,True
122,Lori,Kennedy,304-78-4111,rkelley@example.org,4,2024-01-23,46359,True
123,Holly,Wood,608-12-1710,thomas42@example.org,4,2023-11-16,81041,True
124,Benjamin,Lopez,694-11-7807,kingdevin@example.org,5,2022-06-12,38972,True
125,Shane,Clark,434-88-6913,ogarrett@example.org,4,2025-10-02,68802,True
126,Joan,Bailey,881-91-0815,holly83@example.com,5,2022-10-28,92856,True
127,Jeremy,Wade,327-43-8139,johnny13@example.org,3,2025-03-28,45141,True
128,Susan,Rhodes,313-85-0349,emily39@example.com,5,2025-04-27,51505,True
129,Matthew,Rojas,050-17-1885,millermarissa@example.org,1,2022-03-19,61494,True
130,Mary,Graham,851-47-3076,elizabethelliott@example.org,1,2022-01-11,52447,True
131,Jonathan,White,633-91-9711,penasamuel@example.org,5,2024-05-02,36740,True
132,Tyler,Morris,722-21-2657,xdickson@example.org,3,2025-11-03,61028,True
133,Elizabeth,Carroll,135-44-5645,charlesbird@example.net,3,2022-08-26,44065,True
134,Kimberly,Rice,887-19-6732,lauren65@example.net,1,2025-09-12,67103,True
135,Thomas,Sanchez,046-75-6892,harveysteven@example.net,3,2025-10-20,46208,True
136,Kimberly,Weaver,615-65-4980,debra15@example.com,4,2021-06-17,83249,True
137,Luis,Ortiz,078-21-4763,heidi71@example.com,2,2023-01-21,48251,True
138,Kristen,Spencer,633-34-2155,david93@example.org,4,2023-06-14,55169,True
139,Jasmin,Hernandez,807-87-4658,amycabrera@example.com,1,2023-07-07,72202,True
140,Ruben,Becker,772-25-3673,gmiller@example.net,3,2021-12-18,41537,True
141,Caleb,Harris,150-92-8818,michaelmontes@example.org,5,2022-07-01,63411,True
142,William,Williams,172-15-5352,kevin76@example.com,2,2025-02-02,79607,True
143,Anna,Yates,724-78-8094,ashley29@example.org,5,2024-03-18,35887,True
144,Andrea,Winters,036-47-7076,tgeorge@example.net,1,2026-01-20,62769,True
145,Antonio,Kelley,295-36-4687,vdelgado@example.com,3,2025-07-30,63898,True
146,Monica,Smith,333-70-4746,klarson@example.net,5,2025-01-16,71727,True
147,Larry,Stone,388-64-5987,twallace@example.org,5,2023-12-25,41445,True
148,Victoria,Phillips,115-10-5432,montoyatammy@example.net,2,2023-06-02,40193,True
149,Candice,Lambert,361-58-8894,ellischristian@example.com,2,2023-03-27,67829,True
150,Jill,Marshall,740-33-3734,gonzalezlisa@example.com,3,2023-02-01,64454,True
151,Jerry,Perkins,423-26-0210,nancy66@example.org,2,2025-07-04,63757,True
152,Benjamin,Monroe,768-93-0876,ebenton@example.org,5,2025-02-10,65196,True
153,Roger,Mckay,084-69-4788,christopher26@example.com,5,2024-04-22,49799,True
154,Joseph,Carroll,728-87-9522,dsmith@example.net,1,2022-08-08,63483,True
155,Cheryl,Foster,547-20-5293,kevin68@example.org,5,2022-03-01,64396,True
156,Thomas,Miller,107-88-8712,marcbryan@example.com,3,2022-12-30,49284,True
157,James,Smith,196-08-3584,monicadavid@example.net,4,2022-08-31,87986,True
158,Ryan,Johnson,592-02-4274,ihaynes@example.net,1,2026-02-08,67107,True
159,Jessica,Wilcox,270-52-0493,thomaschristopher@example.net,1,2021-10-11,42130,True
160,Brian,Taylor,740-06-1136,walter09@example.org,3,2024-04-24,69848,True
161,William,Williams,673-91-1308,ularson@example.com,3,2024-04-21,45379,True
162,Susan,Wright,466-49-4211,sarahstevenson@example.org,2,2024-05-22,71806,True
163,Scott,Morgan,702-01-6362,michael31@example.net,1,2022-02-10,77378,True
164,Erin,White,280-75-8951,davidmalone@example.com,2,2021-11-28,47689,True
165,Crystal,Small,839-36-2683,triciamueller@example.net,5,2024-03-06,74450,True
166,Kayla,Wheeler,350-34-3147,suarezjennifer@example.org,1,2023-05-21,66191,True
167,Daniel,Barton,550-51-6978,ajohnson@example.com,1,2023-01-23,72330,True
168,Regina,Cortez,359-39-4449,gwatson@example.com,4,2023-07-16,88451,True
169,Bethany,Jones,080-82-9423,robert25@example.org,1,2023-02-02,56319,True
170,Justin,Wilson,723-38-3713,kevin92@example.net,5,2024-07-11,48693,True
171,Adam,Stewart,735-66-3032,pburton@example.net,2,2024-10-11,46657,True
172,Jerome,Torres,850-42-1158,justin79@example.org,2,2022-02-22,47762,True
173,Timothy,Montoya,164-57-6944,daviskenneth@example.net,4,2021-04-17,58843,True
174,Andrew,White,774-43-8262,stephentaylor@example.org,5,2021-12-29,65117,True
175,Daniel,White,462-33-2937,andrewcook@example.com,2,2024-01-25,64150,True
176,Lawrence,Perez,378-63-0065,joshuaclay@example.com,3,2021-11-11,72407,True
177,Patrick,Guerrero,817-94-8965,harrisoncarla@example.org,5,2025-03-04,60195,True
178,Juan,Green,706-26-9625,cmcconnell@example.org,5,2023-08-31,81803,True
179,Allison,Mason,865-90-2524,gbullock@example.net,4,2023-07-13,56030,True
180,Joshua,Boyd,726-32-1642,alisha44@example.org,2,2023-04-10,100802,True
181,Elizabeth,Joseph,595-84-9212,russellalicia@example.org,5,2025-12-15,69385,True
182,Amanda,Johnson,422-48-8938,petersonjohn@example.net,2,2022-04-06,47142,True
183,Seth,Carter,826-69-4844,joseph86@example.net,3,2023-07-03,43936,True
184,Melissa,Scott,052-57-4332,jacksonmeghan@example.net,4,2023-01-07,67237,True
185,Jenna,Mejia,667-91-0171,dianereed@example.org,3,2024-10-06,56648,True
186,Justin,Carpenter,857-34-4677,christinawells@example.net,4,2025-07-09,70710,True
187,Linda,Rice,263-14-2883,richchristopher@example.net,5,2024-04-01,67098,True
188,Frederick,Dixon,009-74-9524,jamesmccoy@example.net,4,2021-08-14,58907,True
189,John,Lambert,281-46-1563,michael81@example.net,1,2022-07-28,47298,True
190,Jennifer,Snow,068-48-1398,stephen93@example.org,2,2024-06-21,37277,True
191,Rhonda,Young,525-41-9361,qjimenez@example.com,2,2025-07-31,53302,True
192,Joshua,Hunter,520-36-5561,fischerphilip@example.com,1,2025-06-30,72845,True
193,Andrea,Morris,890-11-0991,bentonmark@example.com,3,2021-03-26,63211,True
194,Adam,Henderson,873-98-4941,hbutler@example.com,1,2022-02-25,41313,True
195,Diane,Wilson,525-43-4753,fedwards@example.net,5,2021-07-31,62597,True
196,Angela,Brown,690-94-8707,rcampbell@example.net,5,2024-08-11,65779,True
197,Sharon,Williams,364-33-2844,rjackson@example.org,2,2023-03-11,46742,True
198,Karen,Leblanc,425-45-3448,robertsandrew@example.net,5,2023-07-27,62305,True
199,Anthony,Rhodes,174-57-3904,ywilliams@example.org,2,2025-07-19,60873,True
200,David,Dominguez,112-12-5052,brightalexander@example.com,1,2025-02-19,42855,True
201,Thomas,Hall,566-99-6769,,1,2024-11-04,65366,True
202,Patricia,Turner,410-92-1218,kimberlybauer@example.org,1,2025-08-10,68411,True
203,Adam,Russell,222-61-3542,eric62@example.com,2,2023-12-23,76245,True
204,Joshua,Shepherd,070-78-8442,travisgood@example.org,1,2021-04-09,75807,True
205,Amber,Davila,264-88-8200,brian19@example.com,1,2023-07-03,39334,True
206,Stephen,Manning,516-36-8260,danielcole@example.org,3,2025-10-01,45932,True
207,Leslie,Bradley,577-58-1492,pturner@example.com,1,2023-02-14,67725,True
208,Edward,Thompson,520-18-4333,rachelwest@example.org,5,2025-11-04,67706,True
209,Leslie,Dalton,118-61-6095,chadruiz@example.org,2,2024-11-05,67725,True
210,Emily,Johnson,219-22-5919,kim04@example.org,3,2025-09-04,117790,True
211,Kyle,Duffy,634-94-3642,jonesnicholas@example.org,4,2022-04-10,68563,True
212,William,Vaughn,101-81-6612,carpenterryan@example.org,2,2023-02-06,77033,True
213,Carla,White,294-69-0780,parkertina@example.com,5,2023-02-14,74310,True
214,Jose,Lyons,199-98-3218,barbara16@example.org,2,2021-06-25,69770,True
215,Marc,Gibbs,848-42-7541,wolfeamy@example.org,5,2025-07-14,55270,True
216,Samantha,Arnold,204-04-2376,jcastillo@example.net,5,2025-05-23,71384,True
217,Jonathan,Lyons,493-63-4340,djenkins@example.org,4,2021-07-20,48407,True
218,Deborah,Hunter,428-55-3252,econner@example.org,2,2023-06-18,56447,True
219,Adam,Richardson,766-05-2771,sherry47@example.net,4,2022-11-19,52719,True
220,Janet,Garner,129-69-4990,johnsonmichael@example.com,4,2024-11-02,61228,True
221,Ronald,Aguilar,218-57-4579,nmorse@example.net,2,2026-01-01,94719,True
222,Paige,Petty,010-73-9105,cbell@example.com,1,2024-05-01,31991,True
223,Jennifer,Rogers,433-31-9315,huntroger@example.net,1,2023-08-23,70293,True
224,Joseph,Duncan,116-53-9777,larry55@example.net,4,2024-06-10,35809,True
225,Jason,Trevino,843-59-1169,christina68@example.org,3,2025-11-07,52921,True
226,David,Smith,090-68-5069,dillonmonica@example.org,4,2025-10-07,76334,True
227,Isaac,Douglas,576-97-6208,annaschroeder@example.com,4,2024-09-27,60964,True
228,Megan,Galloway,379-66-5421,currychristine@example.org,4,2025-08-26,43833,True
229,Joshua,Jordan,856-71-3150,louis48@example.com,1,2023-06-06,49270,True
230,Jermaine,Pitts,687-29-2327,wilsonchristine@example.org,1,2024-10-25,70193,True
231,Nichole,Hines,137-03-9430,rodriguezkyle@example.org,1,2025-12-28,49044,True
232,Kimberly,Thompson,239-02-6829,krystaltaylor@example.net,4,2022-03-30,63246,True
233,Antonio,Morrow,423-63-2866,baileycastillo@example.org,3,2024-08-22,60683,True
234,Kyle,Adams,736-92-5358,carrmelissa@example.net,1,2021-06-07,50225,True
235,Kathryn,Chen,255-65-6145,wilsonjessica@example.org,2,2024-05-26,92159,True
236,Clifford,Gill,334-90-2922,williamsronnie@example.net,2,2023-06-22,69508,True
237,John,Martin,381-40-1200,adam05@example.net,2,2024-04-23,30000,True
238,Brandon,Leach,310-52-1895,vpham@example.net,5,2024-09-28,62796,True
239,Kaitlyn,Anderson,849-80-2286,blake60@example.org,4,2024-09-12,50073,True
240,Monique,Gomez,234-84-6602,westleah@example.com,2,2023-07-01,72786,True
241,Matthew,Brooks,340-67-7798,herreradaniel@example.org,4,2025-09-07,48112,True
242,David,Singleton,598-22-7913,ronaldjoseph@example.org,2,2022-03-11,58278,True
243,Alexis,Mcdowell,143-29-3416,hammondlindsay@example.org,3,2025-12-29,67574,True
244,Ian,Lopez,055-15-4237,laurajackson@example.net,4,2023-10-12,72986,True
245,Rhonda,Warner,108-27-2880,barbara72@example.net,2,2026-01-30,41995,True
246,Norma,Johnson,402-91-4527,lauren34@example.org,1,2021-10-10,54982,True
247,Michael,Martinez,198-10-0118,turnerthomas@example.com,4,2025-07-29,52875,True
248,Andrew,Alvarez,209-07-0807,xparker@example.net,5,2024-12-11,50200,True
249,Raymond,Ramirez,771-18-7626,emurphy@example.com,1,2022-05-09,86481,True
250,Lisa,Thomas,586-13-3366,efox@example.net,1,2023-07-11,66074,True
251,Julie,Bartlett,784-78-5407,stevensamanda@example.net,5,2023-06-11,41086,True
252,Carrie,Newman,889-07-4248,dweaver@example.com,1,2023-12-08,73767,True
253,John,Lopez,644-33-3341,gonzalezjohn@example.org,1,2021-11-01,91832,True
254,Cindy,Jones,018-54-5520,cconley@example.org,2,2021-06-07,75486,True
255,John,Rodriguez,053-04-0296,marilyn01@example.org,2,2024-07-19,37209,True
256,Brandon,Moore,057-79-3256,elliottjanice@example.net,4,2023-02-14,52736,True
257,Joanna,Mercer,316-69-8381,xhartman@example.net,4,2022-09-28,79003,True
258,Luis,Watts,620-51-0421,joanwhitney@example.com,4,2024-04-21,49384,True
259,Jackson,Gonzalez,885-30-8187,morrisstephanie@example.com,2,2023-08-18,66657,True
260,Christopher,Anderson,545-85-8912,cwilliams@example.com,4,2024-01-20,71619,True
261,Melanie,Brady,732-86-3485,david52@example.net,1,2021-12-03,46096,True
262,Jessica,Sims,125-10-5224,john49@example.net,2,2024-07-11,59107,True
263,Monica,Phillips,768-10-8913,alexahill@example.org,4,2023-01-22,30000,True
264,Timothy,Hinton,620-37-7430,zachary11@example.org,1,2023-01-10,44634,True
265,Joshua,Dunn,496-01-6215,longshane@example.net,4,2022-04-27,56211,True
266,Ethan,Davis,196-95-5591,davidjohnson@example.org,3,2023-10-17,41283,True
267,Kimberly,Lane,056-95-2994,natalienelson@example.net,4,2021-11-20,84486,True
268,Samantha,Cohen,714-36-3885,haleadrian@example.net,3,2022-07-20,38547,True
269,Jodi,Hopkins,294-39-3928,equinn@example.net,4,2022-04-08,53399,True
270,Melissa,Thompson,516-62-7235,richardsonrobert@example.net,5,2025-02-06,61961,True
271,Steven,Smith,751-70-2142,eshannon@example.net,4,2022-04-23,81619,True
272,Steven,Horn,274-06-7881,marcus12@example.com,2,2022-10-28,38462,True
273,Kristin,Ellison,766-89-2453,emily43@example.com,2,2024-12-02,77447,True
274,Allison,Reid,627-82-6448,jeffrey76@example.net,3,2025-03-13,60153,True
275,Christina,Evans,054-35-0853,hintonbenjamin@example.org,2,2021-05-23,45277,True
276,Crystal,Saunders,235-42-4845,brandivasquez@example.com,1,2024-03-31,66931,True
277,Gina,Garcia,208-26-3762,joshuawilson@example.com,5,2024-06-29,62985,True
278,Harry,Owens,581-49-6826,adamschmidt@example.com,5,2024-01-31,50996,True
279,Victoria,Duncan,547-21-0454,duncanpeter@example.org,1,2025-06-19,61047,True
280,Erik,Davidson,683-23-1426,torresmarc@example.org,3,2025-06-20,54220,True
281,Kevin,Peters,186-77-2725,ricky93@example.net,1,2024-11-16,61702,True
282,Cheryl,Fischer,445-64-9858,pcontreras@example.com,1,2021-08-01,69931,True
283,Joseph,Brown,439-67-4138,ashleyfrederick@example.org,5,2025-08-24,83790,True
284,Monique,Hudson,823-64-6008,felicia50@example.com,4,2022-12-01,41432,True
285,Erika,Harding,286-20-1757,mcmahondaniel@example.net,5,2023-02-20,91995,True
286,Kristin,Alexander,004-04-8053,josephmartinez@example.net,5,2023-01-21,30718,True
287,Xavier,Garcia,294-20-5248,xhamilton@example.net,2,2024-09-18,57723,True
288,Joanna,Davis,605-05-2650,craig76@example.com,1,2024-06-30,68824,True
289,Daniel,Robbins,466-68-6056,thomas49@example.net,5,2025-01-11,64214,True
290,Brooke,Cooper,791-39-5775,anthonycordova@example.com,1,2022-04-13,50659,True
291,Erin,Lee,206-70-3929,melissadelgado@example.org,2,2025-07-03,56878,True
292,Jennifer,Sanchez,605-23-6571,elizabethbaxter@example.net,1,2024-04-26,52604,True
293,Justin,Booker,895-69-1994,phillipbrooks@example.com,5,2024-05-31,51159,True
294,John,Schneider,172-24-6226,zburgess@example.net,1,2025-02-02,72744,True
295,James,Graham,188-63-9597,emily39@example.org,2,2025-08-20,65355,True
296,Lisa,Glass,534-99-0496,daviseric@example.net,4,2025-04-07,49606,True
297,Troy,Mills,428-80-7607,sarahschultz@example.net,1,2022-10-19,73493,True
298,Amy,Fletcher,887-58-5947,kjordan@example.org,5,2023-09-26,64609,True
299,Travis,Martin,619-85-8752,dsmith@example.net,2,2023-11-15,72192,True
300,Jason,Fowler,784-39-8722,mbaker@example.net,5,2024-11-24,69444,True
301,Stephanie,Parker,481-30-7498,barberdonna@example.com,5,2024-01-13,0,True
302,Lacey,Marshall,350-08-1881,armstrongashley@example.com,1,2026-01-28,51597,True
303,Michelle,Ramirez,832-44-9290,matthew38@example.org,5,2022-08-21,71209,True
304,Allen,Stone,552-69-3499,elizabeth32@example.org,1,2023-01-14,69155,True
305,Danielle,Vasquez,341-55-4295,matthewjohnson@example.org,4,2022-06-02,59686,True
306,Ricardo,Moss,721-04-7814,underwoodwilliam@example.com,5,2024-04-05,61759,True
307,Valerie,Rodriguez,508-99-9571,bobbymartinez@example.net,5,2024-03-20,79164,True
308,Angela,Knight,425-69-2513,kathryn12@example.net,5,2021-09-02,51126,True
309,Sierra,Mcneil,780-10-0890,beverlywhite@example.com,3,2022-12-19,68206,True
310,Julia,Everett,365-29-9907,kgeorge@example.net,3,2021-06-22,56967,True
311,Alexa,Oconnell,688-92-3358,donna88@example.org,2,2026-01-22,56734,True
312,Amanda,Raymond,363-34-4363,mrodriguez@example.net,3,2022-04-08,76481,True
313,Thomas,Gomez,509-97-0648,vcook@example.org,2,2022-06-23,72381,True
314,James,Snyder,492-53-5319,herrerakelly@example.com,3,2023-09-06,72202,True
315,Carlos,Salas,323-96-3347,vfleming@example.org,4,2023-06-26,79582,True
316,James,Wall,034-22-4079,joshuabishop@example.com,2,2022-04-22,60315,True
317,Jason,Schmidt,437-62-3081,stephencardenas@example.org,3,2024-06-21,70229,True
318,Amy,Grant,621-28-8347,thompsoncynthia@example.com,4,2025-05-16,55345,True
319,Melissa,Smith,650-45-5629,fmcdaniel@example.com,3,2026-02-14,64862,True
320,Dominique,Lee,193-72-0254,natashaharris@example.org,1,2023-05-03,58047,True
321,Christopher,Holloway,686-61-1992,christinarodriguez@example.com,1,2026-03-15,61454,True
322,George,Flores,134-69-2354,kimmelinda@example.org,4,2021-05-02,68927,True
323,Miranda,Peterson,728-93-4553,natasha31@example.net,5,2022-10-12,47726,True
324,William,Peters,555-02-1775,smithcynthia@example.net,5,2021-08-25,91385,True
325,Kimberly,Turner,143-83-8769,elizabethhughes@example.net,1,2024-12-15,44909,True
326,Courtney,Freeman,474-16-9445,fmccarty@example.net,1,2025-10-18,41787,True
327,Jacob,Craig,392-72-7617,arielharvey@example.org,5,2023-03-05,77371,True
328,Joshua,Shepherd,056-90-4243,munozvictoria@example.net,2,2025-03-15,71874,True
329,Kimberly,Collier,299-01-8463,oanderson@example.org,5,2025-12-10,69361,True
330,Angelica,Allen,111-92-9250,lewisstephanie@example.net,3,2025-01-25,69425,True
331,Victoria,Hunt,564-92-5575,sherylowens@example.com,2,2025-02-11,59816,True
332,Keith,Hall,305-43-5283,patricia38@example.org,3,2021-07-09,46541,True
333,Brian,Harrington,675-93-6497,noblejacqueline@example.com,1,2021-12-13,61137,True
334,Julie,Perry,368-05-2599,francisjames@example.com,2,2022-01-28,49842,True
335,Daniel,Moore,598-99-7314,gonzalezjade@example.org,3,2024-08-08,74626,True
336,Kimberly,Gill,590-87-2452,danielclark@example.com,3,2022-07-10,57794,True
337,Sherri,Jones,200-61-7415,manntina@example.org,2,2022-09-09,47617,True
338,Benjamin,Tyler,660-39-6662,pjohnson@example.org,4,2023-08-08,55179,True
339,Teresa,Mitchell,112-48-2919,natalie75@example.com,5,2025-09-02,66193,True
340,Walter,Gordon,630-92-9390,michaelstephenson@example.com,3,2024-09-18,51544,True
341,Kelly,Cooley,616-95-6007,williamhaas@example.net,5,2025-05-16,47666,True
342,Alison,Garcia,141-58-2556,pruiz@example.com,5,2024-08-25,63655,True
343,Amy,Wright,353-43-7583,jocelyn70@example.net,1,2025-01-15,63674,True
344,Angela,Lee,395-30-3579,weavercarrie@example.net,5,2025-05-28,52395,True
345,Jessica,Hartman,095-73-6710,kellychristine@example.net,3,2025-09-21,52934,True
346,Sara,Johnson,078-91-8504,mark60@example.net,1,2024-12-30,63480,True
347,Maria,Smith,608-88-1201,lindsey32@example.com,2,2023-05-24,38278,True
348,Sean,Willis,858-36-2344,jacquelinehill@example.com,3,2022-03-17,38888,True
349,Justin,Perry,828-34-5219,hansonmichael@example.com,1,2022-02-07,49223,True
350,Kimberly,Brown,186-05-0264,leteresa@example.net,1,2021-12-16,56798,True
351,Madison,Miller,750-89-6175,aliciabryant@example.com,5,2022-10-15,64663,True
352,Jacqueline,George,738-14-2515,fray@example.org,2,2025-08-24,82130,True
353,Pam,Medina,777-05-8031,melissamartinez@example.com,3,2024-08-28,72864,True
354,Krystal,Johnson,852-94-1119,ronaldbrandt@example.net,3,2024-03-23,57600,True
355,Adriana,Norris,272-18-1772,john98@example.org,5,2023-01-25,59714,True
356,Ashley,Dodson,361-57-6795,lauren70@example.com,2,2024-02-13,44962,True
357,Pedro,Carlson,696-47-8309,alejandroreynolds@example.org,3,2021-10-01,59722,True
358,Wendy,Lam,773-43-4332,gainesjames@example.org,2,2024-06-25,55670,True
359,Denise,Pena,292-67-8168,palmersamuel@example.com,3,2025-10-15,64840,True
360,Michelle,Shaw,003-09-8382,ralexander@example.com,5,2023-10-20,47591,True
361,Trevor,Buck,616-41-6793,susan06@example.org,4,2022-11-02,67790,True
362,Rita,Williams,374-72-8494,trevor58@example.com,3,2025-12-01,82991,True
363,Rhonda,Mckenzie,131-94-3855,alexanderanderson@example.org,1,2026-01-17,58368,True
364,Phillip,Soto,570-05-2403,williamsjuan@example.net,1,2024-03-04,66025,True
365,Brooke,Ortega,533-52-5400,bwatson@example.net,4,2021-07-15,70352,True
366,Jennifer,Lopez,201-38-0682,juanskinner@example.org,3,2022-01-10,53981,True
367,Julia,Mcdowell,789-61-1838,barbara38@example.com,1,2025-12-27,63361,True
368,Michael,Rodriguez,432-61-1725,umcgrath@example.org,1,2024-06-30,60188,True
369,Ann,Stevens,311-50-4593,brownscott@example.org,3,2025-05-19,61465,True
370,Andrew,Fisher,586-56-4070,gilesdevon@example.net,2,2024-01-15,48404,True
371,Michael,Hill,315-13-4643,danasaunders@example.net,3,2025-02-25,60367,True
372,Kristine,Fowler,805-47-6547,michaelmahoney@example.net,2,2026-02-21,67469,True
373,Brandon,Lindsey,828-27-2344,michael90@example.net,4,2023-12-26,81767,True
374,Jason,Horton,702-96-6599,jakecortez@example.net,5,2026-01-21,74389,True
375,Samantha,Mora,120-43-1058,matthew64@example.net,4,2025-07-20,92297,True
376,Nicholas,Johns,616-21-8438,jeremyramirez@example.org,5,2022-06-09,48489,True
377,James,Salazar,822-91-2054,lcurry@example.com,1,2024-07-22,73084,True
378,Steven,Keller,171-45-9983,sierra26@example.org,1,2021-06-15,62750,True
379,Adam,Harris,018-94-7190,peckshannon@example.org,1,2024-12-07,92847,True
380,Heather,Jones,152-17-1717,penarobert@example.com,2,2025-07-16,47875,True
381,Stephanie,Rodriguez,298-89-6962,travis09@example.com,5,2021-06-25,47404,True
382,Seth,Jones,732-70-8430,pateljason@example.org,1,2026-01-17,51009,True
383,Kyle,Wise,244-08-5046,harrelledward@example.com,3,2024-12-23,30000,True
384,Juan,Larson,177-65-6961,martinezlauren@example.net,5,2026-03-17,52113,True
385,Richard,Stevenson,176-26-5498,charlenesmith@example.org,5,2022-08-04,48613,True
386,Michael,Davis,096-32-0958,justin82@example.org,2,2025-12-27,62255,True
387,Jerry,Brown,085-40-7879,dstrickland@example.net,4,2025-09-16,65126,True
388,Antonio,Heath,665-29-3852,stephanierivera@example.net,2,2022-10-01,88142,True
389,Lisa,Bender,192-26-9691,waltersaaron@example.com,1,2023-04-06,74256,True
390,Cheyenne,Morse,311-64-0774,zvaughan@example.com,3,2023-06-01,51346,True
391,Zachary,Alvarez,837-96-4099,cdiaz@example.com,3,2023-01-18,46523,True
392,John,Keller,298-79-4127,patelstephanie@example.net,1,2021-04-07,67378,True
393,Renee,Gonzalez,104-25-8461,ejenkins@example.com,3,2022-03-09,40196,True
394,Kiara,Robinson,522-88-0927,laura42@example.net,2,2021-12-30,87471,True
395,Amanda,West,419-17-0307,rachaelbrown@example.net,2,2021-05-03,77691,True
396,Kimberly,Rosales,347-11-3410,nancy03@example.com,1,2022-09-30,52962,True
397,Charles,Smith,775-38-5250,kendra60@example.com,3,2025-12-30,34302,True
398,Christopher,Kemp,166-31-2310,kellystone@example.org,5,2021-10-15,80308,True
399,Mary,Lee,505-06-2388,karen15@example.com,4,2022-04-19,58281,True
400,Chris,Smith,775-14-8566,todd67@example.net,5,2024-12-12,78567,True
401,Brianna,Brennan,120-79-7825,jason57@example.com,,2025-02-17,36083,True
402,Nathaniel,Lynn,194-94-8779,julierobinson@example.net,2,2022-05-01,51009,True
403,Hailey,Padilla,016-46-6200,bcooper@example.org,2,2024-12-16,60078,True
404,Dustin,Robinson,672-56-1914,lawrence20@example.org,2,2023-07-30,60704,True
405,Patrick,Allen,319-77-3851,kendrafisher@example.com,4,2023-02-04,53249,True
406,Pamela,Riddle,143-36-0969,riverasharon@example.org,1,2023-03-02,69342,True
407,Stephen,Gaines,608-34-9757,patrickmorrison@example.org,2,2022-03-21,43985,True
408,Ashley,Price,624-90-6816,briankeller@example.org,3,2025-08-13,57864,True
409,Timothy,Lewis,024-64-7093,edwin96@example.org,4,2023-11-12,61804,True
410,Matthew,Hernandez,839-19-7647,ttorres@example.net,2,2026-01-05,67716,True
411,Kyle,Hickman,127-83-9542,angela38@example.net,3,2021-06-08,70674,True
412,Kelly,Baker,811-83-7987,bethanyevans@example.net,2,2023-07-15,43130,True
413,Joshua,Garrison,625-19-8122,richardjames@example.org,1,2024-10-11,36988,True
414,Lauren,Lopez,397-93-5943,duncanglenn@example.net,4,2022-07-19,79165,True
415,Charlene,Griffith,467-76-8356,mariohansen@example.org,1,2023-05-29,64984,True
416,Kayla,Finley,419-86-0824,vbarry@example.net,4,2024-03-10,48772,True
417,Heather,Parsons,625-39-3605,brownadam@example.com,2,2025-01-16,83267,True
418,Joanna,Williams,167-46-2746,gmartin@example.com,2,2023-01-07,61735,True
419,Catherine,Li,454-08-5080,zlee@example.net,4,2024-12-26,77689,True
420,Desiree,Anderson,762-26-6387,rogersjuan@example.net,3,2021-12-17,61012,True
421,Kimberly,Townsend,675-60-1361,hilljanice@example.com,3,2025-12-25,90911,True
422,Gary,Williams,598-87-9235,michael99@example.com,2,2022-05-07,86330,True
423,Amanda,Dickerson,151-89-1153,raymond68@example.net,2,2025-11-25,56265,True
424,Mark,Lyons,517-84-6028,daniel69@example.org,1,2023-06-27,74573,True
425,Jon,Hall,702-26-4194,lopezdavid@example.com,2,2023-12-27,69680,True
426,Brandon,Gomez,451-62-6599,plang@example.com,4,2022-12-23,80529,True
427,Paul,Gomez,363-57-7462,victor41@example.net,3,2024-11-20,45526,True
428,Ronald,Hampton,078-43-7182,carlwilliams@example.org,3,2025-12-18,70290,True
429,Kevin,Pierce,619-14-0745,caitlincarson@example.com,1,2021-08-17,75876,True
430,Maria,Gonzalez,623-30-0557,kempjennifer@example.com,3,2021-06-03,33618,True
431,Hannah,Hill,742-61-2363,johnedwards@example.com,3,2022-11-25,42251,True
432,Rebecca,Bentley,155-76-1357,phillipsscott@example.net,5,2025-02-15,30000,True
433,Teresa,Olson,512-15-9855,edaniel@example.com,4,2024-07-11,55958,True
434,Alexis,Jimenez,846-13-9992,noahlee@example.com,5,2024-03-26,70763,True
435,Nicholas,Mayer,191-48-9992,sheila85@example.net,3,2024-06-05,82535,True
436,Carolyn,Rivera,272-35-7616,robertsbenjamin@example.org,1,2025-09-15,61111,True
437,Justin,Hart,206-15-3350,amandavazquez@example.net,1,2022-10-31,84429,True
438,Dawn,Gutierrez,311-35-2681,bgay@example.org,3,2024-09-03,39298,True
439,Suzanne,Flores,665-55-7785,parkershelby@example.org,2,2024-01-07,34449,True
440,David,Johnson,885-72-6371,perkinsjoseph@example.net,5,2022-02-17,59166,True
441,Christie,Le,835-18-0461,joshuameyer@example.net,3,2021-12-11,65760,True
442,Lisa,Hawkins,221-30-2941,daniel92@example.net,1,2021-10-08,59509,True
443,David,Klein,113-52-2716,graythomas@example.org,1,2021-07-11,30000,True
444,Michelle,Flores,030-25-6197,logan46@example.com,5,2024-07-02,58663,True
445,Charles,Rogers,133-43-8400,thomasjoshua@example.org,4,2021-11-08,40432,True
446,James,Buck,222-50-4860,costadeborah@example.com,3,2024-01-17,70045,True
447,Angela,Davis,048-24-4967,jacob71@example.com,3,2026-03-02,65498,True
448,Richard,Fisher,440-28-4669,terrencehernandez@example.com,4,2022-05-06,45901,True
449,Gregory,Wise,382-86-1486,relliott@example.com,5,2022-01-17,52291,True
450,Curtis,Patterson,314-89-9378,richardmurphy@example.com,5,2024-01-10,44111,True
451,James,Anderson,190-79-1795,anthonyadams@example.org,1,2024-04-03,59059,True
452,Jeremy,Barton,424-91-6502,rmoreno@example.net,4,2025-03-25,74327,True
453,Taylor,Horn,005-02-2174,ydunn@example.org,5,2023-01-11,45214,True
454,Brett,Rivera,820-08-4901,mariashelton@example.org,2,2024-02-25,67560,True
455,Eric,Palmer,192-34-6840,briancain@example.com,3,2023-03-20,52046,True
456,Thomas,Thompson,716-36-7990,jennifer80@example.org,1,2026-01-02,48106,True
457,Karen,Shepherd,153-13-3111,qward@example.org,4,2022-03-13,58394,True
458,Aaron,Cannon,567-69-7810,markjones@example.com,1,2023-12-28,44471,True
459,Richard,Olson,298-36-4748,david56@example.org,5,2025-08-26,51695,True
460,Justin,Hamilton,195-51-5406,ymiller@example.com,5,2025-11-29,42031,True
461,Julie,Smith,405-11-7981,mooredavid@example.net,2,2022-03-26,89470,True
462,Erica,Vaughn,578-05-9325,ronald66@example.net,3,2021-05-18,60528,True
463,Brandon,Boyd,206-86-6138,williamssusan@example.com,4,2021-11-13,49504,True
464,Roy,Vance,806-25-4139,jordanaaron@example.org,1,2024-04-15,63209,True
465,Jennifer,Henderson,196-93-5582,uluna@example.net,3,2022-11-14,58315,True
466,Samantha,Cruz,497-45-2053,zpatterson@example.org,5,2025-01-31,56685,True
467,Lance,Murphy,841-79-6927,matthew39@example.net,3,2022-10-06,69212,True
468,Joshua,Barnes,551-74-9148,beasleypatrick@example.com,1,2021-07-16,71362,True
469,Heidi,Brown,501-70-8812,foxmark@example.com,3,2022-09-05,52042,True
470,Susan,Carter,697-65-1201,jphillips@example.org,5,2022-10-15,51362,True
471,Patricia,Flores,058-26-1549,seanmonroe@example.com,3,2023-09-18,55874,True
472,Nicole,Moore,828-57-7702,nelsonjoshua@example.net,4,2022-07-18,30000,True
473,Ann,Price,632-57-2274,castillodaniel@example.com,3,2022-03-28,37272,True
474,Paul,Walker,641-03-1663,david99@example.net,4,2022-04-22,80503,True
475,Thomas,Cochran,395-25-6498,yallen@example.org,3,2023-02-03,84674,True
476,Roger,Underwood,894-41-4289,csmith@example.com,5,2022-01-17,56264,True
477,Christopher,Rodgers,805-31-4179,qramos@example.net,2,2026-02-24,68648,True
478,April,Thomas,380-53-1856,abigail40@example.net,2,2022-05-30,64668,True
479,Matthew,Williams,875-04-4109,yolanda93@example.net,4,2021-05-22,106183,True
480,Alexis,Green,585-52-8440,sarahcontreras@example.net,4,2021-04-23,76793,True
481,Christopher,Parker,808-60-5158,elizabeth01@example.net,2,2023-01-17,58081,True
482,David,Fields,051-62-2388,epittman@example.org,5,2021-06-04,45666,True
483,Christopher,Leonard,799-58-4544,garciajoshua@example.net,5,2021-11-11,35903,True
484,Jessica,Woods,641-47-8383,ejackson@example.com,3,2025-04-01,63051,True
485,Teresa,Vaughn,346-59-5936,briana57@example.org,4,2023-04-19,48654,True
486,Leslie,Miller,175-99-5358,meyerlaura@example.net,5,2024-01-10,38666,True
487,Rickey,Wilson,348-71-3936,xbass@example.org,1,2022-07-06,50301,True
488,Leonard,Miller,896-44-6824,williamswilliam@example.net,3,2022-03-13,43776,True
489,Christina,Smith,739-32-1718,millerkelsey@example.org,3,2025-05-02,85307,True
490,Gregory,Hall,246-20-7981,mary94@example.com,2,2024-06-02,73224,True
491,Michelle,Porter,598-56-0616,johnowens@example.net,4,2022-12-08,59880,True
492,Douglas,Bryant,698-76-7383,elizabeth13@example.net,5,2025-02-06,82199,True
493,Carmen,Henry,609-71-8518,jeremy52@example.org,5,2023-04-14,61160,True
494,Tyler,Miller,344-34-5017,hartshawn@example.net,3,2023-08-08,47080,True
495,Heather,Rodriguez,409-44-8995,jenniferrussell@example.net,4,2024-06-03,82846,True
496,Nancy,Mccarty,030-79-0754,caitlin55@example.com,4,2022-05-09,68083,True
497,Jennifer,Davis,133-19-0028,elizabethmiller@example.org,4,2022-07-21,44441,True
498,Kelly,Hansen,194-51-8915,thudson@example.net,2,2022-12-02,57144,True
499,Jeff,Hampton,187-34-3519,uwebster@example.com,5,2023-06-30,46865,True
500,Marvin,Frederick,789-73-9813,alexander26@example.com,4,2023-02-24,39258,True
501,Ghost,Employee,862-86-7867,ibeck@example.org,3,2026-02-05,58265,True
